{
	"MainParts":[
		{
			"Name":"Back1",
			"Type":"Box",
			"OfsNoRad":[960,540],
			"Ofs":[0,0],
			"Size":[1920,1080],
			"Rad":0,
			"Scale":[1.0,1.0],
			"Center":[0.5,0.5],
			"BaseColor":[0,0,0,0],
			"IsHitCheck":false
		}
		,
		{
			"Name":"String1",
			"Type":"String",
			"OfsNoRad":[128,64],
			"Ofs":[0,0],
			"Size":[1,1],
			"Rad":0,
			"Scale":[2.0,2.0],
			"Center":[0.5,0.5],
			"BaseColor":[0,255,0,0],
			"IsHitCheck":false,
			"FontID":1100
		}
		,
		{
			"Name":"Tab1",
			"Type":"Json",
			"OfsNoRad":[1700,750],
			"Rad":0,
			"Scale":[2.0,0.75],
			"BaseColor":[255,255,255,0],
			"FilePath":"data/UI/Button002.json",
			"IsHitCheck":false,
			"Override":[
				{
					"Target":"String1",
					"FontID":1101
				}
			]
		},
		{
			"Name":"Tab2",
			"Type":"Json",
			"OfsNoRad":[1700,850],
			"Rad":0,
			"Scale":[2.0,0.75],
			"BaseColor":[255,255,255,0],
			"FilePath":"data/UI/Button002.json",
			"IsHitCheck":false,
			"Override":[
				{
					"Target":"String1",
					"FontID":1102
				}
			]
		},
		{
			"Name":"Tab3",
			"Type":"Json",
			"OfsNoRad":[1700,950],
			"Rad":0,
			"Scale":[2.0,0.75],
			"BaseColor":[255,255,255],
			"FilePath":"data/UI/Button002.json",
			"IsHitCheck":false,
			"Override":[
				{
					"Target":"String1",
					"FontID":1103
				}
			]
		}
	],
	"Anim":[
		{
			"Type":"Active",
			"Loop":true,
			"Anim":[
				{
					"Target":"Back1",
					"Color":[0,0,0,128],
					"StartFrame":0,
					"EndFrame":12
				},
				{
					"Target":"Tab1",
					"Color":[255,255,255,255],
					"StartFrame":0,
					"EndFrame":12
				},
				{
					"Target":"Tab2",
					"Color":[255,255,255,255],
					"StartFrame":0,
					"EndFrame":12
				},
				{
					"Target":"Tab3",
					"Color":[255,255,255,255],
					"StartFrame":0,
					"EndFrame":12
				}
				,
				{
					"Target":"String1",
					"Color":[0,255,0,255],
					"StartFrame":0,
					"EndFrame":24
				},
				{
					"Target":"String1",
					"Color":[0,255,0,0],
					"StartFrame":24,
					"EndFrame":48
				}
			]
		},
		{
			"Type":"DisActive",
			"Loop":false,
			"Anim":[
				{
					"Target":"Back1",
					"Color":[0,0,0,0],
					"StartFrame":0,
					"EndFrame":12
				},
				{
					"Target":"String1",
					"Color":[0,255,0,0],
					"StartFrame":0,
					"EndFrame":12
				},
				{
					"Target":"Tab1",
					"Color":[255,255,255,0],
					"StartFrame":0,
					"EndFrame":12
				},
				{
					"Target":"Tab2",
					"Color":[255,255,255,0],
					"StartFrame":0,
					"EndFrame":12
				},
				{
					"Target":"Tab3",
					"Color":[255,255,255,0],
					"StartFrame":0,
					"EndFrame":12
				}
			]
		}
	]
}
