{
	"MainParts":[
		{
			"Name":"Back0",
			"Type":"Box",
			"OfsNoRad":[960,540],
			"Ofs":[0,0],
			"Size":[1920,1080],
			"Rad":0,
			"Scale":[1.0,1.0],
			"Center":[0.5,0.5],
			"BaseColor":[0,0,0,0],
			"IsHitCheck":false
		}
		,
		{
			"Name":"Back1",
			"Type":"Box",
			"OfsNoRad":[965,545],
			"Ofs":[0,0],
			"Size":[825,405],
			"Rad":0,
			"Scale":[1.0,1.0],
			"Center":[0.5,0.5],
			"BaseColor":[8,8,8,0],
			"IsHitCheck":false
		},
		{
			"Name":"Back2",
			"Type":"NineSlice",
			"OfsNoRad":[960,540],
			"Ofs":[0,0],
			"Size":[820,400],
			"Rad":0,
			"Scale":[1.0,1.0],
			"Center":[0.5,0.5],
			"BaseColor":[128,128,128,0],
			"Min":[21,21],
			"Max":[21,21],
			"Image":"data/Image/Back.png",
			"IsHitCheck":false
		},
		{
			"Name":"Back3",
			"Type":"NineSlice",
			"OfsNoRad":[960,590],
			"Ofs":[0,0],
			"Size":[760,260],
			"Rad":0,
			"Scale":[1.0,1.0],
			"Center":[0.5,0.5],
			"BaseColor":[164,164,164,0],
			"Min":[21,21],
			"Max":[21,21],
			"Image":"data/Image/Back.png",
			"IsHitCheck":false
		},
		{
			"Name":"String1",
			"Type":"String",
			"OfsNoRad":[960,400],
			"Ofs":[0,0],
			"Size":[1,1],
			"Rad":0,
			"Scale":[2.0,2.0],
			"Center":[0.5,0.5],
			"BaseColor":[0,255,0,0],
			"IsHitCheck":false,
			"FontID":10
		}
		,
		{
			"Name":"String2",
			"Type":"String",
			"OfsNoRad":[960,550],
			"Ofs":[0,0],
			"Size":[1,1],
			"Rad":0,
			"Scale":[1.0,1.0],
			"Center":[0.5,0.5],
			"BaseColor":[255,255,255,0],
			"IsHitCheck":false,
			"FontID":11
		}
		,
		{
			"Name":"Button",
			"Type":"Json",
			"OfsNoRad":[960,650],
			"Rad":0,
			"Scale":[2.0,0.75],
			"BaseColor":[255,255,255,0],
			"FilePath":"data/UI/Button001.json",
			"IsHitCheck":false,
			"Override":[
				{
					"Target":"String1",
					"FontID":12
				}
			]
		},
		{
			"Name":"CloseButton",
			"Type":"Json",
			"OfsNoRad":[1300,400],
			"Rad":0,
			"Scale":[0.75,0.75],
			"BaseColor":[255,255,255,0],
			"FilePath":"data/UI/CloseButton.json",
			"IsHitCheck":false
		}
	],
	"Anim":[
		{
			"Type":"Active",
			"Loop":true,
			"Anim":[
				{
					"Target":"Back0",
					"Color":[0,0,0,128],
					"StartFrame":0,
					"EndFrame":12
				},
				{
					"Target":"Back1",
					"Color":[8,8,8,255],
					"StartFrame":0,
					"EndFrame":12
				},
				{
					"Target":"Back2",
					"Color":[128,128,128,255],
					"StartFrame":0,
					"EndFrame":12
				},
				{
					"Target":"Back3",
					"Color":[164,164,164,255],
					"StartFrame":0,
					"EndFrame":12
				},
				{
					"Target":"String1",
					"Color":[0,255,0,255],
					"StartFrame":0,
					"EndFrame":12
				},
				{
					"Target":"String2",
					"Color":[255,255,255,255],
					"StartFrame":0,
					"EndFrame":12
				},
				{
					"Target":"Button",
					"Color":[255,255,255,255],
					"StartFrame":0,
					"EndFrame":12
				},
				{
					"Target":"CloseButton",
					"Color":[255,255,255,255],
					"StartFrame":0,
					"EndFrame":12
				}
			]
		},
		{
			"Type":"DisActive",
			"Loop":false,
			"Anim":[
				{
					"Target":"Back0",
					"Color":[0,0,0,0],
					"StartFrame":0,
					"EndFrame":12
				},
				{
					"Target":"Back1",
					"Color":[8,8,8,0],
					"StartFrame":0,
					"EndFrame":12
				},
				{
					"Target":"Back2",
					"Color":[128,128,128,0],
					"StartFrame":0,
					"EndFrame":12
				},
				{
					"Target":"Back3",
					"Color":[164,164,164,0],
					"StartFrame":0,
					"EndFrame":12
				},
				{
					"Target":"String1",
					"Color":[0,255,0,0],
					"StartFrame":0,
					"EndFrame":12
				},
				{
					"Target":"String2",
					"Color":[255,255,255,0],
					"StartFrame":0,
					"EndFrame":12
				},
				{
					"Target":"Button",
					"Color":[255,255,255,0],
					"StartFrame":0,
					"EndFrame":12
				},
				{
					"Target":"CloseButton",
					"Color":[255,255,255,0],
					"StartFrame":0,
					"EndFrame":12
				}
			]
		}
	]
}
