{
	"MainParts":[
		{
			"Name":"Back1",
			"Type":"Box",
			"OfsNoRad":[960,540],
			"Ofs":[0,0],
			"Size":[1920,1080],
			"Rad":0,
			"Scale":[1.0,1.0],
			"Center":[0.5,0.5],
			"BaseColor":[0,0,255],
			"IsHitCheck":false
		},
		{
			"Name":"Tab1",
			"Type":"Json",
			"OfsNoRad":[1700,650],
			"Rad":0,
			"Scale":[2.0,0.75],
			"BaseColor":[255,255,255],
			"FilePath":"data/UI/Button002.json",
			"IsHitCheck":false,
			"Override":[
				{
					"Target":"String1",
					"FontID":1000
				}
			]
		},
		{
			"Name":"Tab2",
			"Type":"Json",
			"OfsNoRad":[1700,750],
			"Rad":0,
			"Scale":[2.0,0.75],
			"BaseColor":[255,255,255],
			"FilePath":"data/UI/Button002.json",
			"IsHitCheck":false,
			"Override":[
				{
					"Target":"String1",
					"FontID":1001
				}
			]
		},
		{
			"Name":"Tab3",
			"Type":"Json",
			"OfsNoRad":[1700,850],
			"Rad":0,
			"Scale":[2.0,0.75],
			"BaseColor":[255,255,255],
			"FilePath":"data/UI/Button002.json",
			"IsHitCheck":false,
			"Override":[
				{
					"Target":"String1",
					"FontID":1002
				}
			]
		},
		{
			"Name":"Tab4",
			"Type":"Json",
			"OfsNoRad":[1700,950],
			"Rad":0,
			"Scale":[2.0,0.75],
			"BaseColor":[255,255,255],
			"FilePath":"data/UI/Button002.json",
			"IsHitCheck":false,
			"Override":[
				{
					"Target":"String1",
					"FontID":1003
				}
			]
		},
		{
			"Name":"Front1",
			"Type":"Box",
			"OfsNoRad":[960,540],
			"Ofs":[0,0],
			"Size":[1920,1080],
			"Rad":0,
			"Scale":[1.0,1.0],
			"Center":[0.5,0.5],
			"BaseColor":[0,0,0,255],
			"IsHitCheck":false
		}
	],
	"Anim":[
		{
			"Type":"Active",
			"Loop":false,
			"Anim":[
				{
					"Target":"Front1",
					"Color":[0,0,0,0],
					"StartFrame":0,
					"EndFrame":12
				}
			]
		},
		{
			"Type":"DisActive",
			"Loop":false,
			"Anim":[
				{
					"Target":"Front1",
					"Color":[0,0,0,255],
					"StartFrame":0,
					"EndFrame":12
				}
			]
		}
	]
}
