{
	"MainParts":[
		{
			"Name":"Box1",
			"Type":"Box",
			"OfsNoRad":[5,5],
			"Ofs":[0,0],
			"Size":[100,100],
			"Rad":0,
			"Scale":[0.9,0.9],
			"Center":[0.5,0.5],
			"BaseColor":[8,8,8],
			"IsHitCheck":false
		},
		{
			"Name":"Box2",
			"Type":"NineSlice",
			"OfsNoRad":[0,0],
			"Ofs":[0,0],
			"Size":[100,100],
			"Rad":0,
			"Scale":[0.9,0.9],
			"Center":[0.5,0.5],
			"BaseColor":[255,255,255],
			"Min":[15,15],
			"Max":[15,15],
			"Image":"data/Image/Button.png",
			"IsHitCheck":true

		}
		,
		{
			"Name":"String1",
			"Type":"String",
			"OfsNoRad":[0,0],
			"Ofs":[0,0],
			"Size":[58,58],
			"Rad":0,
			"Scale":[1.5,1.5],
			"Center":[0.5,0.5],
			"BaseColor":[255,255,255],
			"IsHitCheck":false,
			"FontID":0
		}
	],
	"Anim":[
		{
			"Type":"Active",
			"Loop":true,
			"Anim":[
				{
					"Target":"Box1",
					"Scale":[0.9,0.9],
					"StartFrame":0,
					"EndFrame":6
				},
				{
					"Target":"Box2",
					"Scale":[0.9,0.9],
					"Color":[255,255,255],
					"StartFrame":0,
					"EndFrame":6
				}
			]
		},
		{
			"Type":"DisActive",
			"Loop":true,
			"Anim":[
				{
					"Target":"Box1",
					"Scale":[0.9,0.9],
					"StartFrame":0,
					"EndFrame":6
				},
				{
					"Target":"Box2",
					"Scale":[0.9,0.9],
					"Color":[164,164,164],
					"StartFrame":0,
					"EndFrame":6
				}
			]
		},
		{
			"Type":"OnSelect",
			"Loop":false,
			"Anim":[
				{
					"Target":"Box1",
					"Scale":[0.925,0.925],
					"StartFrame":0,
					"EndFrame":6
				},
				{
					"Target":"Box2",
					"Scale":[0.925,0.925],
					"Color":[255,255,255],
					"StartFrame":0,
					"EndFrame":6
				}
			]
		},
		{
			"Type":"OnPress",
			"Loop":false,
			"Anim":[
				{
					"Target":"Box1",
					"Scale":[0.85,0.85],
					"StartFrame":0,
					"EndFrame":3
				},
				{
					"Target":"Box2",
					"Scale":[0.85,0.85],
					"Color":[128,128,128],
					"StartFrame":0,
					"EndFrame":3
				}
			]
		}
	]
}
