{
	"MainParts":[
		{
			"Name":"Box1",
			"Type":"Box",
			"OfsNoRad":[0,0],
			"Ofs":[0,0],
			"Size":[100,100],
			"Rad":0,
			"Scale":[0.9,0.9],
			"Center":[0.5,0.5],
			"BaseColor":[0,0,0,0],
			"IsHitCheck":true
		},
		{
			"Name":"String1",
			"Type":"String",
			"OfsNoRad":[0,0],
			"Ofs":[0,0],
			"Size":[58,58],
			"Rad":0,
			"Scale":[2.0,2.0],
			"Center":[0.5,0.5],
			"BaseColor":[255,255,255],
			"IsHitCheck":false,
			"FontID":0
		}
	],
	"Anim":[
		{
			"Type":"Active",
			"Loop":true,
			"Anim":[
				{
					"Target":"String1",
					"Scale":[1.8,1.8],
					"Color":[0,216,0],
					"StartFrame":0,
					"EndFrame":6
				}
			]
		},
		{
			"Type":"DisActive",
			"Loop":true,
			"Anim":[
				{
					"Target":"String1",
					"Scale":[1.8,1.8],
					"Color":[0,164,0],
					"StartFrame":0,
					"EndFrame":6
				}
			]
		},
		{
			"Type":"OnSelect",
			"Loop":false,
			"Anim":[
				{
					"Target":"String1",
					"Scale":[1.75,1.75],
					"Color":[0,255,0],
					"StartFrame":0,
					"EndFrame":6
				}
			]
		},
		{
			"Type":"OnPress",
			"Loop":false,
			"Anim":[
				{
					"Target":"String1",
					"Scale":[1.7,1.7],
					"Color":[0,128,0],
					"StartFrame":0,
					"EndFrame":3
				}
			]
		}
	]
}
