{
	"MainParts":[
		{
			"Name":"Box1",
			"Type":"Box",
			"OfsNoRad":[5,5],
			"Ofs":[0,0],
			"Size":[100,100],
			"Rad":0,
			"Scale":[0.9,0.9],
			"Center":[0.5,0.5],
			"BaseColor":[8,8,8],
			"IsHitCheck":false
		},
		{
			"Name":"Box2",
			"Type":"NineSlice",
			"OfsNoRad":[0,0],
			"Ofs":[0,0],
			"Size":[100,100],
			"Rad":0,
			"Scale":[0.9,0.9],
			"Center":[0.5,0.5],
			"BaseColor":[216,0,0],
			"Min":[21,21],
			"Max":[21,21],
			"Image":"data/Image/Button.png",
			"IsHitCheck":true

		}
		,
		{
			"Name":"Box3",
			"Type":"Image",
			"OfsNoRad":[0,0],
			"Ofs":[0,0],
			"Size":[58,58],
			"Rad":0,
			"Scale":[0.9,0.9],
			"Center":[0.5,0.5],
			"BaseColor":[255,0,0],
			"Image":"data/Image/Cross.png",
			"IsHitCheck":true
		}
	],
	"Anim":[
		{
			"Type":"Normal",
			"Loop":true,
			"Anim":[
				{
					"Target":"Box1",
					"Scale":[0.9,0.9],
					"StartFrame":0,
					"EndFrame":6
				},
				{
					"Target":"Box2",
					"Scale":[0.9,0.9],
					"Color":[216,0,0],
					"StartFrame":0,
					"EndFrame":6
				},
				{
					"Target":"Box3",
					"Scale":[0.9,0.9],
					"StartFrame":0,
					"EndFrame":6
				}
			]
		},
		{
			"Type":"OnSelect",
			"Loop":false,
			"Anim":[
				{
					"Target":"Box1",
					"Scale":[1.0,1.0],
					"StartFrame":0,
					"EndFrame":6
				},
				{
					"Target":"Box2",
					"Scale":[1.0,1.0],
					"Color":[255,0,0],
					"StartFrame":0,
					"EndFrame":6
				},
				{
					"Target":"Box3",
					"Scale":[1.0,1.0],
					"StartFrame":0,
					"EndFrame":6
				}
			]
		},
		{
			"Type":"OnPress",
			"Loop":false,
			"Anim":[
				{
					"Target":"Box1",
					"Scale":[0.95,0.95],
					"StartFrame":0,
					"EndFrame":3
				},
				{
					"Target":"Box2",
					"Scale":[0.95,0.95],
					"Color":[128,0,0],
					"StartFrame":0,
					"EndFrame":3
				},
				{
					"Target":"Box3",
					"Scale":[0.95,0.95],
					"StartFrame":0,
					"EndFrame":3
				}
			]
		}
	]
}
