{
	"MainParts":[
		{
			"Name":"Back1",
			"Type":"Box",
			"OfsNoRad":[960,540],
			"Ofs":[0,0],
			"Size":[1920,1080],
			"Rad":0,
			"Scale":[1.0,1.0],
			"Center":[0.5,0.5],
			"BaseColor":[0,0,0,0],
			"IsHitCheck":false
		},
		{
			"Name":"OptionUI",
			"Type":"Json",
			"OfsNoRad":[0,1080],
			"Rad":0,
			"Scale":[1.0,1.0],
			"BaseColor":[255,255,255],
			"FilePath":"data/UI/Option/OptionUI.json",
			"IsHitCheck":false
		}
	],
	"Anim":[
		{
			"Type":"Active",
			"Loop":false,
			"Anim":[
				{
					"Target":"Back1",
					"Color":[0,0,0,128],
					"StartFrame":0,
					"EndFrame":12
				},
				{
					"Target":"OptionUI",
					"OfsNoRad":[0,0],
					"StartFrame":0,
					"EndFrame":6
				}
			]
		},
		{
			"Type":"DisActive",
			"Loop":false,
			"Anim":[
				{
					"Target":"Back1",
					"Color":[0,0,0,0],
					"StartFrame":0,
					"EndFrame":12
				},
				{
					"Target":"OptionUI",
					"OfsNoRad":[0,1080],
					"StartFrame":0,
					"EndFrame":6
				}
			]
		}
	]
}
