{
	"MainParts":[
		{
			"Name":"Back1",
			"Type":"Box",
			"OfsNoRad":[965,545],
			"Ofs":[0,0],
			"Size":[925,1005],
			"Rad":0,
			"Scale":[1.0,1.0],
			"Center":[0.5,0.5],
			"BaseColor":[8,8,8],
			"IsHitCheck":false
		},
		{
			"Name":"Back2",
			"Type":"NineSlice",
			"OfsNoRad":[960,540],
			"Ofs":[0,0],
			"Size":[920,1000],
			"Rad":0,
			"Scale":[1.0,1.0],
			"Center":[0.5,0.5],
			"BaseColor":[128,128,128],
			"Min":[21,21],
			"Max":[21,21],
			"Image":"data/Image/Back.png",
			"IsHitCheck":false
		},
		{
			"Name":"Back3",
			"Type":"NineSlice",
			"OfsNoRad":[960,590],
			"Ofs":[0,0],
			"Size":[860,860],
			"Rad":0,
			"Scale":[1.0,1.0],
			"Center":[0.5,0.5],
			"BaseColor":[164,164,164],
			"Min":[21,21],
			"Max":[21,21],
			"Image":"data/Image/Back.png",
			"IsHitCheck":false
		},
		{
			"Name":"Tab1",
			"Type":"Json",
			"OfsNoRad":[610,100],
			"Rad":0,
			"Scale":[2.0,0.75],
			"BaseColor":[255,255,255],
			"FilePath":"data/UI/Button001.json",
			"IsHitCheck":false,
			"Override":[
				{
					"Target":"String1",
					"FontID":0
				}
			]
		},
		{
			"Name":"Tab2",
			"Type":"Json",
			"OfsNoRad":[810,100],
			"Rad":0,
			"Scale":[2.0,0.75],
			"BaseColor":[255,255,255],
			"FilePath":"data/UI/Button001.json",
			"IsHitCheck":false,
			"Override":[
				{
					"Target":"String1",
					"FontID":1
				}
			]
		},
		{
			"Name":"Tab3",
			"Type":"Json",
			"OfsNoRad":[1010,100],
			"Rad":0,
			"Scale":[2.0,0.75],
			"BaseColor":[255,255,255],
			"FilePath":"data/UI/Button001.json",
			"IsHitCheck":false,
			"Override":[
				{
					"Target":"String1",
					"FontID":2
				}
			]
		},
		{
			"Name":"Tab4",
			"Type":"Json",
			"OfsNoRad":[1210,100],
			"Rad":0,
			"Scale":[2.0,0.75],
			"BaseColor":[255,255,255],
			"FilePath":"data/UI/Button001.json",
			"IsHitCheck":false,
			"Override":[
				{
					"Target":"String1",
					"FontID":3
				}
			]
		},
		{
			"Name":"CloseButton",
			"Type":"Json",
			"OfsNoRad":[1350,100],
			"Rad":0,
			"Scale":[0.75,0.75],
			"BaseColor":[255,255,255],
			"FilePath":"data/UI/CloseButton.json",
			"IsHitCheck":false
		}
	],
	"Anim":[
	]
}
