{
	"MainParts":[
		{
			"Name":"BoxBack",
			"Type":"Box",
			"OfsNoRad":[-210,0],
			"Ofs":[0,0],
			"Size":[400,42],
			"Rad":0,
			"Scale":[1.0,1.0],
			"Center":[0.5,0.5],
			"BaseColor":[255,255,255,0],
			"IsHitCheck":true
		}
		,
		{
			"Name":"Box0",
			"Type":"Json",
			"OfsNoRad":[307,-3],
			"Scale":[1.0,0.35],
			"FilePath":"data/UI/Button001.json",
			"Override":[
				{
					"Target":"String1",
					"FontID":52
				}
			]
		}
		,
		{
			"Name":"Box1",
			"Type":"Box",
			"OfsNoRad":[160,0],
			"Ofs":[0,0],
			"Size":[194,44],
			"Rad":0,
			"Scale":[1.0,1.0],
			"Center":[0.5,0.5],
			"BaseColor":[0,255,0],
			"IsHitCheck":false
		}
		,
		{
			"Name":"Box2",
			"Type":"NineSlice",
			"OfsNoRad":[160,0],
			"Ofs":[0,0],
			"Size":[190,40],
			"Rad":0,
			"Scale":[1.0,1.0],
			"Center":[0.5,0.5],
			"BaseColor":[255,255,255],
			"Min":[6,6],
			"Max":[6,6],
			"Image":"data/Image/Display.png",
			"IsHitCheck":true
		}
		,
		{
			"Name":"String0",
			"Type":"String",
			"OfsNoRad":[160,0],
			"Ofs":[0,0],
			"Size":[100,100],
			"Rad":0,
			"Scale":[1.0,1.0],
			"Center":[0.5,0.5],
			"BaseColor":[0,255,0],
			"IsHitCheck":false,
			"FontID":0
		}
		,
		{
			"Name":"String1",
			"Type":"String",
			"OfsNoRad":[-210,0],
			"Ofs":[0,0],
			"Size":[100,100],
			"Rad":0,
			"Scale":[1.0,1.0],
			"Center":[0.5,0.5],
			"BaseColor":[255,255,255],
			"IsHitCheck":false,
			"FontID":0
		}
	],
	"Anim":[
		{
			"Type":"Active",
			"Loop":true,
			"Anim":[
				{
					"Target":"BoxBack",
					"Color":[255,255,255,64],
					"StartFrame":0,
					"EndFrame":6
				},
				{
					"Target":"Box1",
					"Color":[0,255,0,0],
					"StartFrame":0,
					"EndFrame":6
				}
			]
		},
		{
			"Type":"DisActive",
			"Loop":true,
			"Anim":[
				{
					"Target":"BoxBack",
					"Color":[255,255,255,0],
					"StartFrame":0,
					"EndFrame":6
				},
				{
					"Target":"Box1",
					"Color":[0,255,0,0],
					"StartFrame":0,
					"EndFrame":6
				}
			]
		},
		{
			"Type":"OnSelect",
			"Loop":false,
			"Anim":[
				{
					"Target":"BoxBack",
					"Color":[255,255,255,64],
					"StartFrame":0,
					"EndFrame":6
				},
				{
					"Target":"Box1",
					"Color":[0,255,0,255],
					"StartFrame":0,
					"EndFrame":6
				}
			]
		}
	]
}
